"V1","V2","V3","V4"
0.603046903014183,0.344219776848331,0.419184579420835,0.670055076712742
0.634057536518395,0.334023354051729,0.483797765715097,0.677263486337645
0.680018823812352,0.332702741145881,0.453887612344063,0.659009590788857
0.68110928424552,0.34553482414958,0.444722986897312,0.657479248481317
0.696144735000818,0.38028418457465,0.482973777008092,0.658050116376653
0.706154064848981,0.386167026524924,0.46906580837369,0.606615246315399
0.695971667216781,0.370132729639475,0.470377404645321,0.577722052164599
0.742985221323296,0.365817239798077,0.47669011646377,0.585681338634502
0.731852860194818,0.356819144253681,0.481397996813144,0.603829785108583
0.718733104629921,0.33529075578657,0.445016878381341,0.615923771513262
0.718652230676401,0.306304596245851,0.434424926770593,0.591069433898288
0.746961616076688,0.286561020604805,0.455226926139278,0.594919124692978
0.8,0.271560651575567,0.441068365777937,0.625370122025085
0.796372783682837,0.27641432605856,0.492650338661813,0.639569003055957
0.8,0.305856074403746,0.509774574436626,0.628862381642511
0.76369810873665,0.286953520574264,0.498075385903666,0.620615055762402
0.767602655167137,0.312097388238246,0.483409747599864,0.618808492884894
0.755459579438941,0.315176564183773,0.509316050291963,0.64434234394814
0.78301120471435,0.344499784811785,0.545168473493681,0.642174957901624
0.8,0.308687304151428,0.552640312748729,0.645793488480033
0.77805723865501,0.287891953732792,0.505687996102504,0.662593193175693
0.740129401385317,0.294612811369291,0.498045254441527,0.667019362022621
0.701791168862939,0.290754428492564,0.488570265805769,0.645125110402335
0.680182687727207,0.260078312170046,0.462918476305025,0.645098175465737
0.690760650174621,0.285290306973167,0.515839607379567,0.656786032418244
0.722414458960506,0.280975185498734,0.465623644196706,0.657572756315189
0.70851736756988,0.252019596995334,0.49978981792464,0.627353585451322
0.721186194579727,0.277995095394776,0.512204098028358,0.644939527751186
0.709918978525545,0.297046820811368,0.466308018231364,0.688130927762776
0.726335636739092,0.269297483494521,0.477335970640461,0.712440824713251
0.701797313649743,0.272766253629852,0.472452336541233,0.646735029951199
0.727777959452932,0.291821846402198,0.464619816139412,0.647650454315316
0.715597470281946,0.318762439616029,0.452715127871425,0.676975668269434
0.708945015631356,0.247390490500313,0.426720123321239,0.666302220476506
0.682683455757468,0.27671776855647,0.470420169661083,0.657633000061608
0.687011695821258,0.287937842914954,0.516448828087258,0.633550021091368
0.679959521439153,0.33702005363403,0.531291956222207,0.571986819906429
0.665927029766452,0.330656616567568,0.501095123143599,0.566327887730828
0.728886558318556,0.38021290497071,0.508734213302123,0.55649540341887
0.730707797259838,0.360247400037603,0.501657283226236,0.55716023763865
0.723643014183142,0.346366899837757,0.469697053550801,0.555549574895433
0.769179330763697,0.360626824932634,0.478152173172088,0.586179309231027
0.743458966784992,0.36234366944395,0.470678724295043,0.631013575309917
0.718040593420495,0.347138340782042,0.440666177088184,0.636295987292363
0.771602764732449,0.36868640372867,0.426131034129899,0.623476111312518
0.78801928015065,0.348658457494531,0.419933333763567,0.658013152020141
0.772790143848236,0.350141825542197,0.410988010933172,0.621948564658462
0.718466605258702,0.380681349972812,0.372634615790087,0.591651151966583
0.71434197564219,0.3657618861999,0.397793484322437,0.578774191344413
0.687977228528133,0.400783629837696,0.403855310403981,0.595446885058345
0.664302830702675,0.419992385414642,0.375517241003487,0.575086865560389
0.675336485341037,0.441648825635087,0.397493576301152,0.586295870668393
0.657553949304922,0.458480572227568,0.389218307676804,0.614239403603393
0.630407783083319,0.478479116773603,0.3643456259077,0.61731595167207
0.650499672634816,0.491580113276608,0.321891198258058,0.617949169328417
0.609912022392104,0.485172478513727,0.338175413263768,0.703632584392834
0.578199907979561,0.512676411137101,0.334676465762554,0.689011964684607
0.549879956631214,0.517162734774778,0.365518629745355,0.711955565440769
0.574722517538677,0.549334546859961,0.372053713552161,0.742316910623226
0.579996810777951,0.553957724018366,0.357330743411109,0.772507267559829
0.582656399928759,0.545911275592552,0.374886973766981,0.8
0.544854490421079,0.519050348193978,0.377870235221109,0.789435690722279
0.579038651660085,0.51382963493692,0.360883894063778,0.8
0.588689301811461,0.512972806559956,0.342842263436737,0.8
0.597400162089765,0.506788633123854,0.354121224706427,0.793457872487636
0.6064796748403,0.538119692794767,0.270269263087436,0.755995885175923
0.637168167001873,0.51168761158574,0.283689116364636,0.765563283589209
0.635387822816497,0.48129013716816,0.287345618467168,0.799014893753268
0.696723784660818,0.43965855667861,0.273509644610776,0.8
0.707585200910839,0.429983291888281,0.252617535973893,0.771325253525336
0.752131761570152,0.443213624659016,0.212319254865893,0.796120574535267
0.751149675948937,0.465404756496164,0.222210255983629,0.786744134456863
0.739263723625864,0.476484865442062,0.214737259170401,0.791053634092194
0.729679768422255,0.47564660326876,0.211671170681344,0.737791429849681
0.71105627372344,0.45261418025685,0.230734490975026,0.731343056581625
0.720180228264749,0.497637618495455,0.231682437327436,0.724031658668979
0.719677340099683,0.515597698408639,0.284527239096577,0.73376873827768
0.707794956607247,0.545324846048946,0.303679245267849,0.714315679642343
0.717162166288574,0.545838033980989,0.29515652431611,0.760462958371477
0.687815127208333,0.567610300968312,0.304569727672187,0.728154221043257
0.68858696205079,0.562849105245807,0.291560210871877,0.7335116465287
0.685011905600234,0.582753858752385,0.298385149508698,0.748242284238924
0.720422859000571,0.529726196597043,0.329827256131755,0.776700175591479
0.75039175806242,0.527009699985146,0.363677554121008,0.8
0.730888539745352,0.545780789650734,0.362523651110836,0.8
0.776228698091614,0.582789978562107,0.364315868844523,0.777703374769852
0.8,0.57742887028519,0.380555924054763,0.783882588497709
0.8,0.60320557148702,0.409809712045462,0.8
0.8,0.60671799757994,0.384398390252482,0.772645231275496
0.8,0.565622726396833,0.36854248864728,0.752893368183953
0.8,0.551066304888332,0.376241743519709,0.754826316771641
0.8,0.571164935150065,0.345439238749732,0.744351016733337
0.8,0.532674291295101,0.345027253667303,0.760042842343927
0.776968744558925,0.51867875436841,0.401568045004031,0.785164629739231
0.784910218636797,0.508289698238939,0.399319395550519,0.774725293305842
0.772173776556192,0.511029069075071,0.380692668246766,0.759774488368453
0.748789445685003,0.47737992965422,0.385995160249825,0.73893004434686
0.748554517124255,0.525566505503987,0.308367618397037,0.749210205082593
0.729169605940164,0.506096635576057,0.309971272481995,0.712848981361603
0.720702465494058,0.520722883444028,0.283390597675336,0.71124018167364
0.753196605358374,0.52034514700685,0.288692758141507,0.751859419600166
0.721153190120502,0.546976454858726,0.282974055799249,0.730763918270842
0.701502289872546,0.518440813273203,0.290110324444365,0.704724051099532
0.724200436778985,0.539233419684342,0.27323181223534,0.704486312060055
0.683823350819029,0.503853289135181,0.312413337531896,0.724596983423831
0.694390071951798,0.547097909459864,0.293585083918208,0.690672165145805
0.665271136034004,0.514389502356528,0.303994133490848,0.667331709050037
0.678513928254605,0.501195975699885,0.334464156796869,0.678193891984173
0.653770484894891,0.522696196729816,0.301048949667693,0.643207430912774
0.682453346086552,0.50393848704464,0.279035546917297,0.649755471106102
0.712519840116273,0.517917667375441,0.226862637384219,0.651737738860599
0.70824211731703,0.532141518788376,0.217964329499309,0.636177359342216
0.7175168249178,0.501215476987213,0.201490980132161,0.595668603014958
0.715451990459755,0.457578510545729,0.203213157766239,0.610130739812163
0.692769382249909,0.39397778244469,0.206722484026545,0.622230152061317
0.703091237344834,0.382504926849828,0.2,0.593923862613051
0.72121078871179,0.319656567605701,0.206912650333955,0.605977031252286
0.721470791724376,0.330144010964752,0.220283995593111,0.609030078973987
0.787871843724615,0.35567411043597,0.25809583828834,0.618070137167825
0.753217066065488,0.317277043744089,0.232932551520999,0.526131086786271
0.694227226966356,0.358851116380538,0.219321117027055,0.551401583290445
0.657304270768664,0.410361390122804,0.209389926551861,0.555586786633516
0.678285186397876,0.417145936207718,0.233102769261256,0.583084646056406
0.638429190829321,0.424336992770713,0.261629350561352,0.596522205575565
0.655979713739599,0.438387411673339,0.24076035117156,0.574251248576583
0.701902425514996,0.386033955994235,0.261322999796031,0.572064400998473
0.699333820458972,0.37169989415653,0.248602922287461,0.58061789301571
0.729196014464346,0.336364801782669,0.232561364112308,0.585443825587962
0.733922364265369,0.28133050251091,0.223917899292776,0.601227682842568
0.707430320176995,0.26553534020798,0.200030498671199,0.621455060963557
0.70787498762407,0.300106752384666,0.2,0.608820123154938
0.703324884452522,0.325908027270634,0.215462681987714,0.637076690936555
0.756265736070758,0.276949352901632,0.204189323347525,0.627685773964552
0.742133653649903,0.329244797289863,0.2,0.641752174413179
0.74293211600786,0.330603787440827,0.237091241287479,0.624086716520693
0.712592202600031,0.336489289369267,0.241099105162339,0.612170567431879
0.732839622123449,0.36830366203479,0.232984928347327,0.623350289978828
0.756193538775409,0.32754815830361,0.219698107179956,0.619236132820199
0.76096047190301,0.354832174350303,0.263879784406749,0.633062749477536
0.767033779380477,0.331996646668153,0.246782095273256,0.63834661142865
0.768007501221275,0.301958233384275,0.261147354202422,0.605920621143907
0.785289142899631,0.329748194783336,0.241721462939365,0.58063481711481
0.795318545274292,0.342039349925071,0.240513563805759,0.573846283521283
0.787296211254451,0.346097539280643,0.234916463601726,0.607205483729446
0.774654487577191,0.337021975545927,0.224360579526603,0.594338518257923
0.792385019585508,0.30995225423061,0.2,0.600338199182434
0.746922206424752,0.289626755765952,0.2,0.606617097420026
0.724288401061375,0.283994257754888,0.2,0.613910724752363
0.692240243973073,0.277881036563526,0.231339429576735,0.624066039807676
0.650443782440143,0.256835806684594,0.222396095587918,0.671162024111405
0.629522659205145,0.254350867589705,0.224622364857183,0.711065138981599
0.656353185883823,0.245037375516095,0.220473183430756,0.721832235952791
0.685436882121092,0.257552127660443,0.2,0.707436759837593
0.616569479970473,0.303495498373916,0.210981940242434,0.674781275537202
0.587798006657137,0.252553802102545,0.245126782672261,0.692650880067133
0.558781137501204,0.282766844876969,0.239397503405034,0.720843234695013
0.552167987926733,0.337923806633746,0.243031544508339,0.705716845027426
0.550084958569555,0.352931679094324,0.229441339428636,0.726837840020039
0.563886719707363,0.391081995272923,0.227699423585154,0.740498665548996
0.550584624256245,0.391495648834362,0.214500513544766,0.743851387611952
0.539416473910147,0.443429986778049,0.230042238747335,0.72193441827607
0.521110620970863,0.43037005435084,0.222469648586767,0.717385056784138
0.509488974759589,0.467780395845423,0.257365050882598,0.688794359761086
0.538062993900278,0.470250556831013,0.295595419342247,0.692348812558384
0.512237459737668,0.502247763771122,0.32824747139226,0.627482870217365
0.49261569801667,0.524076177893634,0.310759590399512,0.591090860891396
0.477883441678606,0.49716774968041,0.32118499135947,0.565753762429963
0.4617732499092,0.471709639038498,0.311179378281764,0.559278555987526
0.457234632290628,0.503936447500016,0.340896607930516,0.573275200716824
0.466107020759859,0.543284262166743,0.316413761941768,0.593587489832428
0.464150840532211,0.513157427731092,0.330877238112401,0.592538441320186
0.424996817836825,0.489409443765316,0.333627488438073,0.613953304822224
0.40919441910968,0.483150388005111,0.350614848236243,0.614599625282278
0.386311402223012,0.46975336882296,0.363766809465181,0.603656514061198
0.352283309011075,0.457835593553384,0.315239669083681,0.595846053155484
0.320063067504527,0.428915744526899,0.299368091749532,0.563934874061989
0.365920376371948,0.410223585371929,0.273749751492131,0.577197402651307
0.393446156763747,0.370378507278978,0.283407584623958,0.638752171967925
0.377898907830778,0.391871888083384,0.244466604750878,0.596421977603745
0.421067810269737,0.399224869640375,0.332766560741923,0.568751729380025
0.411434359509354,0.392540894061667,0.347558632781473,0.585480782715956
0.397680418350936,0.401936263522028,0.346485278674123,0.604853718630276
0.39529226624185,0.425049021270854,0.384928601188259,0.602826215175864
0.402923584912701,0.400457434010102,0.4223799274003,0.589406730443616
0.393785568962207,0.384600726855141,0.462982860161047,0.58994169718823
0.392728531930158,0.376010976566704,0.457024072980454,0.655785720155289
0.417830923285021,0.371763700829284,0.483062154444176,0.726446927590892
0.386701661099554,0.351903655447706,0.487651065440928,0.667078747714174
0.370239389844789,0.36499488935434,0.469854931499183,0.685531906705252
0.345827918274783,0.36208157266477,0.443079890749962,0.679156888116193
0.362166680770228,0.394644417480106,0.4963925091087,0.677624017665375
0.368321366427011,0.385969703337349,0.478777224707028,0.687350633855739
0.364794542826953,0.388176011949866,0.467197746671976,0.675178130316316
0.37693520615997,0.380562925160131,0.434243792112108,0.629317999837148
0.36948086527738,0.400312428702684,0.419950476235157,0.59731456832706
0.353001585047251,0.38028669661546,0.406238175502679,0.584754713113088
0.357754006113134,0.390835194718665,0.401636267139117,0.559847728957187
0.380078354373406,0.372272464999784,0.423750424825953,0.508102179588251
0.411003372317077,0.346831515721261,0.455084851685113,0.496700038053646
0.395029254048861,0.367504027813651,0.498361219203371,0.48264543130397
0.389150992367694,0.350836263358523,0.520391797899895,0.511248297114081
0.402648431019618,0.408359828818341,0.526172047014677,0.499887921331809
0.438531784310076,0.428195949376556,0.547831007468207,0.488530012510063
0.422608704416866,0.427147671702404,0.508347623977672,0.487149125588582
0.464084656173653,0.459034696415433,0.535753566966591,0.485185383401513
0.471154552344836,0.455245500948254,0.505608759452589,0.427066890311593
0.484637614655355,0.409043373248729,0.46953575845167,0.40761218269144
0.460408833750035,0.416259935706209,0.496035896276752,0.447785343927428
0.458702502335585,0.416798459412644,0.425335901490511,0.507825821092141
0.441230844833052,0.390569440055285,0.435022009103521,0.550294439073046
0.400549452494437,0.433921638759492,0.409760438347793,0.554987350173747
0.408550256971216,0.465045203883388,0.374915573053502,0.572292152534377
0.372567110297617,0.439939818383272,0.347123778010439,0.542938514601966
0.378828879189723,0.437926241660369,0.371985670730802,0.549740889403176
0.403207207659083,0.401304428568613,0.373862082341913,0.583121077264825
0.381272623404113,0.410699017238368,0.370264873993498,0.604096835936428
0.365576124649244,0.43029856167556,0.406206944666428,0.560802374829033
0.366680887679372,0.371883102915657,0.391352586300404,0.50705079726806
0.370977541089017,0.376431728844001,0.419402676193054,0.566028235798898
0.412312794216694,0.368825310584001,0.394828652068193,0.573783788395956
0.398422490193729,0.363498182300915,0.407449873269049,0.645706646937269
0.435593945051932,0.379167890803514,0.386149760624922,0.682870724804015
0.439901103693027,0.39946223246954,0.378389915599424,0.703636979775906
0.447548698529765,0.377763168366287,0.358218363254368,0.697824936156753
0.398288974871306,0.372425098342053,0.310472372498349,0.694305474163618
0.359875019744546,0.352068513936681,0.313040214588322,0.721514724646593
0.38203940471033,0.326657157044147,0.331957241996872,0.678655102038119
0.365499574056477,0.296018540520267,0.348390228974127,0.686803368298693
0.39706089474634,0.260636794569385,0.339015635420078,0.731694757578566
0.421821536670469,0.263953392593543,0.347872074091503,0.704567945236997
0.400767594104675,0.263416405977346,0.382362039084022,0.706979202814207
0.403586120736639,0.237543867451354,0.387829233942965,0.714335824586983
0.394332263504204,0.266462563821097,0.376282161845963,0.715374698104707
0.442452075288347,0.277361805240781,0.381974172012437,0.698584014799155
0.47812048056461,0.319879715004775,0.422174382272021,0.740728352171443
0.44983182998112,0.303866146351203,0.408801364422833,0.776543808480451
0.471356786998568,0.29536900257469,0.405300008228692,0.761659432728788
0.511990481009368,0.29782035813397,0.435955045742359,0.766689503691581
0.51025797898032,0.370229549351368,0.475464661588634,0.768835064225359
0.51024243733145,0.390545695150761,0.484399302235689,0.752416243536089
0.52441951804504,0.390312061223078,0.483021488781407,0.716591522053644
0.582628753128168,0.377284965073787,0.467540662402398,0.716876787328693
0.577175039725455,0.376621085698771,0.462125457231767,0.721344842881916
0.57036484095481,0.427855902966843,0.42629932786672,0.724294357183203
0.600554311904086,0.424725083369034,0.401345886213721,0.68923443267541
0.567962711871474,0.417312094651782,0.410873740442845,0.736455438697606
0.564967679163377,0.433907127855333,0.374006010375389,0.718848135869005
0.572686992978252,0.42086944995521,0.374316161611443,0.749837792351256
0.564246107707257,0.423511959169466,0.369924207188286,0.715591243549874
0.565222707378279,0.396797927334157,0.36192305276254,0.734269418417616
0.561680270737536,0.387587514551259,0.36027296305481,0.78563574324012
0.564568306916577,0.407019279007796,0.337039484639401,0.769374662104536
0.529811718356167,0.406084191082539,0.331171250991865,0.799918088928631
0.516479582914848,0.383408679271384,0.35694562489259,0.770513825353878
0.490014740286816,0.392936836097712,0.359886213737278,0.747481010892971
0.485900891929937,0.374781244004878,0.35569121349651,0.759570616233679
0.464770821180847,0.373189342958062,0.38834833749226,0.755856451923514
0.478157157058644,0.367059506819442,0.381286104401987,0.741101050976379
0.486968583219259,0.351742019201335,0.399224828821419,0.75117228644519
0.487058541013673,0.365934288839025,0.411380494977918,0.75173959960329
0.498728935040804,0.325077945761145,0.415690158943674,0.724323616941522
0.548482227367644,0.351731063203645,0.490821329543248,0.746805893387828
0.546621780845672,0.374109332270891,0.498075760059132,0.729296403684656
0.55306838811821,0.396568578096669,0.470655863124434,0.731897344104217
0.539307711872908,0.394425277358286,0.506831072610079,0.722107093045404
0.503031627650446,0.386956050513465,0.460037430272184,0.729134388079181
0.521051126441485,0.407947204078847,0.46941013090254,0.701536360151131
0.481692965640329,0.369139455534836,0.472043968053339,0.691592851967662
0.5346752858983,0.349492737259412,0.457244645250421,0.666433354762934
0.565769763469678,0.36885440895548,0.445109938245808,0.677239946167173
0.574026640654967,0.385484795215051,0.45174716233404,0.651028385410785
0.560398259994268,0.38624693220965,0.47980737163492,0.631421984978767
0.606444108088414,0.407073371637066,0.504585725993904,0.59799871350246
0.559894322296026,0.383989675726642,0.50317908206805,0.613243833141937
0.566977853537717,0.409091762123153,0.486128618636508,0.556058281223493
0.590062935117449,0.418444692910842,0.503797212918327,0.556246627250756
0.568239983192928,0.431146983561476,0.488974900241337,0.525582986504517
0.529350839015714,0.473376469201397,0.446647323190024,0.520023311858464
0.553778775338111,0.50740984606224,0.449271377438533,0.486272124719758
0.559810525336083,0.50119998901157,0.454360023178216,0.536741332550941
0.585887834549454,0.481423471271699,0.438697285600137,0.553475536073308
0.620330926960353,0.47871604246049,0.401550167756146,0.522379572580609
0.649087251656172,0.509754945514536,0.389531737329461,0.534330439464853
0.656671763274233,0.504869995472069,0.363267119908668,0.524800870313154
0.680219339385152,0.437518020330758,0.363281268126691,0.51440926060149
0.663492871897765,0.433953981813484,0.372639524978636,0.45363548990583
0.653790594945687,0.400795147860901,0.398993117771971,0.410747237496746
0.621652423151513,0.382034163316835,0.406302028847105,0.436432336884834
0.647634973253879,0.377375988649464,0.459788691255021,0.433979645287776
0.64360439589783,0.399580959030376,0.402801459585716,0.462063744580605
0.678332695650666,0.443423987478376,0.421774560606936,0.463607306382991
0.688529046187443,0.505905134512633,0.3933426907558,0.448401369041443
0.703206745911533,0.50204239073749,0.41134839775821,0.432807198370868
0.701998031898833,0.528026651313039,0.421250694490716,0.452144992047166
0.648266726625917,0.530161548292843,0.42625858201326,0.483266182534076
0.644842713155125,0.546159373784578,0.426028783687985,0.486594786951175
0.648743627515665,0.557178010541376,0.419396834087985,0.458295112677432
0.657698424197211,0.586702039858308,0.422518196730412,0.506403231439835
0.659819117430428,0.600262238220445,0.443297035732243,0.474036312210248
0.656029937244514,0.600916701769885,0.409731161189593,0.468290579481219
0.667187627371106,0.584330098809574,0.385235816522504,0.453611092906776
0.712615091185358,0.592173355457196,0.420046219734249,0.435400481977028
0.706843045754584,0.61956096882315,0.438012409774181,0.431159394628314
0.714187909083179,0.603691964432667,0.448254455479987,0.448991111615671
0.714323039414719,0.586366250992344,0.453313116521424,0.45454269967627
0.707480554908784,0.601150638549122,0.379659527080023,0.442910874860298
0.714270850220318,0.604327473405042,0.380507334005066,0.455107197133352
0.735803702070425,0.600552562227842,0.43307950246985,0.478827412106573
0.718758647278187,0.608445234051651,0.41367874411795,0.527000735485583
0.730663162335423,0.572878343288168,0.3776310138445,0.509987572247945
0.697706936509376,0.584140062269788,0.365144657513095,0.512532792028072
0.745787309502985,0.607078920501767,0.342847374508249,0.493516310716835
0.763802108085455,0.565263937672599,0.373189715403474,0.495144655860546
0.780540288106536,0.564659411616008,0.388761872975352,0.506040635232839
0.759176165915555,0.550434677014447,0.37897326917961,0.523725241793346
0.772768638227674,0.556617675784952,0.378729329618848,0.538950869707536
0.761526329297979,0.557479809894783,0.369188749608796,0.537861070702707
0.783031219057254,0.622225916836398,0.399218556755825,0.594185001591094
0.796493478568415,0.638471558958345,0.37727721621395,0.589425417897142
0.774252617262174,0.636551701896523,0.358817297334646,0.57186347630965
0.783179771560177,0.619583765219901,0.372720873504588,0.587972199903302
0.8,0.624311106723141,0.414108980259227,0.574195863924881
0.785741086730929,0.618231104746362,0.395527292989102,0.570662286246937
0.762761658147181,0.577410388188507,0.394551627767972,0.5575026589515
0.77077549581201,0.587915951428198,0.403720202596856,0.578783580107689
0.774378565421049,0.66293838122798,0.408599938546303,0.595863332058317
0.773737975829332,0.67745760653745,0.41630456815998,0.596537353532546
0.790158970628281,0.667200609989482,0.452306714647655,0.647310319136441
0.8,0.63033994301468,0.417207950661933,0.648815088345634
0.8,0.61793418053973,0.374860677640938,0.690218691282802
0.783815850454111,0.618239274925805,0.37420612022228,0.68059956520172
0.795006887986334,0.605931201880483,0.376727450538938,0.665022081122269
0.779372264994832,0.638696258274312,0.386893254568801,0.678355968854911
0.78327904467963,0.66181593360424,0.370545772032357,0.702613189826096
0.8,0.64354178276043,0.42799565609981,0.670301260691976
0.8,0.649312111901677,0.457908936700593,0.670844929579793
0.769979237665645,0.646941755041158,0.473407929230858,0.689078225271731
0.797984473334546,0.681405645300301,0.430169031983841,0.673866731930912
0.775832383724548,0.680444919621116,0.422292541815317,0.709706744317925
0.765915507442197,0.678066099517477,0.448813528169603,0.759455570218549
0.78438656465251,0.674588041294703,0.43057780982402,0.8
0.8,0.65559078374625,0.416666757635994,0.8
0.8,0.708027094368972,0.41262195357377,0.792231254238311
0.789902543769217,0.70382115033301,0.361469552399136,0.8
0.793888515980382,0.726484968020955,0.374448095489634,0.8
0.8,0.707990460563522,0.372876393010961,0.795239629022567
0.8,0.722617748064804,0.387884588638903,0.776133010091108
0.79957943558336,0.745858700612608,0.418613509293343,0.75283496011771
0.790318397149544,0.772988565761898,0.406545942607519,0.8
0.756888321455918,0.780682859521165,0.410971315587973,0.8
0.720927026375937,0.796996210516704,0.417076125658996,0.764971031436425
0.720050378874478,0.8,0.412680029743655,0.79535899116439
0.714622577535639,0.8,0.416453828405223,0.75144231837977
0.744527084705019,0.8,0.35576606056205,0.759843091505094
0.792931853028255,0.8,0.330839620280328,0.784982865338555
0.786498238162338,0.8,0.314315573123428,0.8
0.765755350255645,0.8,0.298327739846213,0.8
0.75922440890491,0.8,0.274930932650465,0.799035074307875
0.746833487009898,0.799979905207853,0.298238895111881,0.8
0.705268454692814,0.8,0.284186403755278,0.789232414066935
0.708750647956094,0.8,0.285968560289257,0.793671448423778
0.720541062399726,0.788305577827882,0.292504533110622,0.782877282004676
0.715712576456052,0.79096464665154,0.31005063273623,0.780734978251874
0.714810440973021,0.792887749079318,0.319890006420843,0.782475145438241
0.725527412274369,0.8,0.295296757073252,0.8
0.731006750107292,0.773603754698233,0.279563036908219,0.8
0.728402267648505,0.745667063535316,0.294884977918309,0.8
0.692083367869411,0.757628466789567,0.250290030238042,0.765339193871288
0.695630879891042,0.740853736313658,0.225777338973549,0.730939379736254
0.715803401349368,0.723460353612954,0.255018939009781,0.721730825423189
0.719036415897301,0.755849809133392,0.265566962616177,0.701722374198535
0.696342754217737,0.772554744433154,0.259789111149425,0.727955298834326
0.629646336266924,0.780918349853248,0.23305874158738,0.708418467127366
0.643457306112684,0.8,0.203588927253085,0.682260079432696
0.629415048427625,0.8,0.2,0.68762867822089
0.598492497447504,0.756164260236517,0.213048453624276,0.707662049822728
0.615190299908167,0.742462394289553,0.23056453944683,0.729863019858942
0.618528839868132,0.713660029681597,0.260253059954248,0.729786826553792
0.657055835563884,0.745710200945549,0.278247412007363,0.69694108403598
0.65775635238904,0.733063010124121,0.280655187772568,0.686939220479873
0.672308404436698,0.737241907635212,0.292230083798553,0.75416775684226
0.676558932620872,0.714775542182683,0.250654367883664,0.749773039147005
0.657802064713961,0.734308263626672,0.221367229290927,0.738745602331538
0.670960297567073,0.723002874758278,0.209210371147724,0.753318595560831
0.642300905456066,0.75489924188079,0.208488687696274,0.741446586191798
0.623645483286095,0.725795798623604,0.215156423656829,0.732987177915914
0.554599583560922,0.680851010288654,0.2,0.726032255870028
0.554761858940258,0.706008882078633,0.214710759286901,0.748212828435343
0.568418696094552,0.714933973389427,0.206216118110305,0.787666417846256
0.53794668200111,0.727812553660773,0.2,0.8
0.5428602487992,0.746885298871493,0.230211331572797,0.798494610700392
0.531434256144575,0.717128044138308,0.242200665932803,0.79625333469609
0.532892679383079,0.724761794631225,0.285775097066129,0.758872826914116
0.543286302812299,0.739013460868137,0.284664662307895,0.72066372296352
0.542521536680471,0.721429308806313,0.298418008694762,0.709754585613346
0.513680545323886,0.708609635687293,0.281720558344397,0.667035359005885
0.509257480713796,0.701702266264799,0.269225984690996,0.61863308736089
0.524075499591241,0.710552977855657,0.306812309568191,0.577484748114932
0.539578625581218,0.709880688110039,0.356607069544425,0.618395088963304
0.524742226516027,0.682265577168683,0.390376451392329,0.606569280480596
0.521464358236855,0.671314631166549,0.382945620754967,0.623970651427248
0.47822275527024,0.672973654245578,0.365429362208337,0.650827487056293
0.473840474233471,0.703210698008546,0.413592770816147,0.652671141217851
0.493263907960157,0.693701683215708,0.400770159409776,0.695954099062885
0.467115914933216,0.692842223450672,0.403062311675739,0.701687384785357
0.416085428800046,0.700600246502579,0.343791945425469,0.669374889407168
0.37972685211308,0.690967510065458,0.358772149266971,0.695143617160005
0.389039665840998,0.678090590255797,0.363888542825188,0.693078526316927
0.378953116980016,0.708087838179127,0.364989319385782,0.699410244525247
0.407131628307862,0.696125496341876,0.354747981546067,0.696876153901317
0.436025597749422,0.713412167344391,0.325876925657015,0.710344697435465
0.415495834819655,0.728730979456771,0.336019145714897,0.696627035040468
0.400868835739412,0.720872377770491,0.320386992879689,0.704811737795063
0.410467091450277,0.67062396683053,0.354484319781619,0.683977951585418
0.354401519468502,0.661517390705147,0.403312622236813,0.711609583844882
0.361629535503877,0.66733926227117,0.384489823664984,0.711372828496261
0.390252616079079,0.673058743047785,0.393801136456852,0.680357002654822
0.354763534053109,0.714682922332569,0.420667412410301,0.686701903053908
0.360880868639799,0.728441407333335,0.362292142411282,0.684311101033397
0.378021858182328,0.733629304019513,0.339635349381785,0.653680571057598
0.38355006986424,0.765166765417585,0.351317841420901,0.664323465893315
0.429055931500054,0.753010480537163,0.364622124773472,0.601253708175538
0.414219685919369,0.740580117284798,0.333763181371389,0.585199943780482
0.37239404545759,0.735027910291789,0.3684626772813,0.554692099524518
0.37958115911413,0.707180862817323,0.381598579704562,0.516176115015405
0.380264995529373,0.753444757760993,0.344875081963592,0.512687301197654
0.379770263621762,0.758185517246216,0.340969548606737,0.493648132641699
0.377836389217734,0.792544305514402,0.396691686900754,0.44004429056436
0.355506450575321,0.757920831835934,0.410821308583006,0.462587427166343
0.367110845765191,0.781125844232208,0.406378354095743,0.448576655650379
0.38705521255756,0.76279618282887,0.409432500657835,0.423059659045285
0.401008367353042,0.770746890580703,0.385266804540197,0.408938188505959
0.428106607803407,0.754137426746447,0.369278041034998,0.40338505187863
0.431214463554682,0.707954711690439,0.380108903699385,0.366287025175207
0.473758272293384,0.696839699357802,0.396772140377285,0.387547449076543
0.475187654653502,0.72370100350128,0.3927068186287,0.401436701248872
0.484244497862488,0.713191625183339,0.401183559709498,0.394318110775373
0.490191547188105,0.700208388508893,0.45014919258958,0.375721643196066
0.510071266039949,0.735799803030933,0.391352740678433,0.417637727757663
0.53097709383138,0.726621568226501,0.36760498397646,0.414714294602122
0.527752409735525,0.717893434866814,0.356255520610341,0.405265998837632
0.491673130448759,0.746513625179333,0.33291585757547,0.392404420753611
0.497807203388171,0.7919049744138,0.364017736849925,0.367483256176122
0.499144045377277,0.8,0.367932380542044,0.370272263628238
0.478073835457857,0.8,0.382332281369872,0.383599028789863
0.491940095488835,0.766457580582126,0.388131335501728,0.367434294099072
0.467081211638797,0.746797579125951,0.416583025357707,0.338804847313627
0.40885193229097,0.77960292719375,0.405793809473326,0.377318125572627
0.407669995508176,0.710126708893449,0.397099746948338,0.363471468187266
0.434275569767748,0.694664917698302,0.378906135105295,0.335458508544121
0.46363556599715,0.705742446935695,0.361930672693817,0.322085621163834
0.459138222601995,0.676799160855099,0.351188440148104,0.340403123066275
0.449919199896793,0.62855133430523,0.34410792388898,0.308500162798802
0.45231483483868,0.634278338786688,0.361702699818459,0.344648717253353
0.439519500255404,0.616247690867883,0.393509073998185,0.331210226512265
0.453666206090592,0.600283050084627,0.396931901475208,0.280812167618896
0.449244706069586,0.589356057838831,0.39677588196611,0.335711382507751
0.474637686741095,0.560668246390005,0.423009169062873,0.346178637968836
0.508376921561164,0.582532316605177,0.429320049209993,0.358414376173148
0.518117619382791,0.609050045374347,0.456508127352867,0.43324074919194
0.497213596989712,0.613389392886706,0.438035453026528,0.477768332894926
0.488836034324531,0.627119328221054,0.459059750258355,0.48533539504205
0.479589666645424,0.627497924869928,0.482298385090795,0.476845847954657
0.470796608336251,0.664903828379321,0.433419457235715,0.491250877567101
0.468220608617346,0.668598753460906,0.464116255009527,0.458286352222219
0.456892868132995,0.67873164049088,0.455091130565418,0.4549660383813
0.46104076497726,0.663341224673442,0.481152622049818,0.472550173516291
0.495829299834828,0.652152323771064,0.473452518008877,0.446047362125549
0.531940531584492,0.672927536215261,0.511868499925691,0.4283268653458
0.522977197677182,0.681326250482746,0.46038941587788,0.435654212023296
0.507940117750208,0.714177699769876,0.467508113095095,0.440303269346669
0.475823084600062,0.736755867668365,0.476283934994974,0.447807425573332
0.452461643290548,0.722678671570837,0.450424807375702,0.487207087150937
0.48256346382275,0.752274304933239,0.454334486827319,0.470710113012775
0.49524505437619,0.682732622373107,0.455538749525423,0.482226740348424
0.474330383571646,0.716523717515183,0.444189741444957,0.474573978416484
0.507373770094766,0.733171065336886,0.441023799344772,0.501312335932079
0.507426758177799,0.745880014960198,0.4513675403024,0.457444925689394
0.486626824557471,0.729082577507971,0.430950327876306,0.39748434998444
0.456894347226844,0.761980852190606,0.403314004359784,0.376578401070191
0.473960746520229,0.8,0.403219537395313,0.377143660627561
0.48692079603867,0.8,0.400569972247285,0.38733515791443
0.515234636452829,0.8,0.370399524604204,0.400025062286098
0.443762035324539,0.8,0.400587032564211,0.385328028387763
0.445543247176568,0.772298888882411,0.390492920995566,0.37822090166139
0.445769062796693,0.73775246801978,0.404842506586693,0.38637908497559
0.424676894832671,0.710139669982304,0.384940142776382,0.412049361484863
0.429107967806192,0.748082595614351,0.397099587997995,0.390564726134161
0.442543137791087,0.758884650358469,0.350776361232765,0.356055433955892
0.465018230110966,0.725652199289148,0.357618560402768,0.351627545499537
0.459767232070079,0.744703685709452,0.354707645298806,0.319407457856686
0.420132023129747,0.725878280994987,0.405820259740357,0.308537072463011
0.40266258498526,0.730917393094211,0.399404042875303,0.326796415323529
0.408025193977825,0.761322267635296,0.372028764726671,0.341530120049662
0.368720805723435,0.768429396587646,0.378094322591004,0.330047691132811
0.349370761694017,0.762405796839377,0.386570648686621,0.332532885590741
0.332177748447048,0.756201056297549,0.340784537806201,0.32116710632752
0.323171717137739,0.741119997644354,0.352964206100193,0.306220848934032
0.320832768879082,0.769144886354172,0.35161700333863,0.307618561003463
0.284105686344463,0.791183881549373,0.353310791173569,0.339088324192527
0.281977341583623,0.8,0.357326828750583,0.344566354761344
0.238780247699835,0.772685658095952,0.36844989025422,0.31606493868211
0.2,0.8,0.343209585553284,0.314073340280114
0.2,0.788686837581074,0.370612023981638,0.298356544841879
0.2,0.8,0.325044789882679,0.265998465135739
0.2,0.796744722772118,0.345349680655924,0.259198097085416
0.2,0.757032350139434,0.346967404675836,0.261397997003684
0.2,0.783465991367008,0.282834763867994,0.238917052841989
0.2,0.768591102570317,0.295243562455104,0.258604606728549
0.244924734835648,0.792493470961368,0.264967732972036,0.302959203290782
0.262122213012519,0.797331694055233,0.264330035718422,0.312329704578296
0.276306142361003,0.772156962910798,0.264268234825256,0.303508825477445
0.342014880356312,0.772471888814434,0.267959490048096,0.279380348627984
0.413119353396109,0.798053721073936,0.275720515916925,0.320319531000784
0.41029801294577,0.795696852598133,0.255970891162991,0.323595647499424
0.413191610090389,0.8,0.223497553920147,0.295387845844524
0.425596197175918,0.772517569793198,0.2194411470985,0.262478811354585
0.432528352541167,0.773241481152478,0.2,0.231187962828003
0.405156764935994,0.771535804553403,0.2,0.219977419454558
0.435219024366817,0.780577125716311,0.220795084137085,0.2
0.397534677280998,0.793399450897271,0.223016288376316,0.2
0.422740322149141,0.749028950764444,0.227355011133311,0.2
0.438824506041293,0.726708067914143,0.248223175915183,0.2
0.492796788211272,0.733511827445233,0.236648594629439,0.2
0.504361800109265,0.727163312343202,0.237753754860862,0.239206420232701
0.507509421858238,0.725681548850298,0.296121263277877,0.255513391235369
0.513819285734205,0.756099218396741,0.318496673031699,0.231774845046062
0.537172905821268,0.8,0.315028841510813,0.248483215437948
0.575744268098744,0.772616424074483,0.318072871092513,0.246582456399035
0.560723030159673,0.746030737830486,0.327141301862365,0.209459501503408
0.548618252521297,0.732613670594451,0.349243640776584,0.2
0.49293840119847,0.786303375210556,0.380502849374169,0.2
0.436133004377536,0.79318041872274,0.407665549257133,0.249042834070704
0.422376403818228,0.8,0.333372126920512,0.296063770208263
0.392730755410993,0.742284326698083,0.307222950253796,0.293746486400035
0.406731475712985,0.732104735647211,0.288034357209441,0.268165766075819
0.41589994418671,0.734598353124197,0.257650173860858,0.300410079429989
0.425234519030655,0.732876846251287,0.226340948918345,0.312056131243665
0.432034817010937,0.724720261977861,0.20840360150405,0.361490450526882
0.489946936097124,0.714038046204171,0.204732585730616,0.395985083529054
0.522504967064753,0.701947198162117,0.212355234048653,0.441191568389543
0.493433984087227,0.701277004848129,0.206265995013869,0.413765591790276
0.518096973661741,0.695489779303391,0.2,0.421901371279775
0.490698467242444,0.702433358436741,0.208213176427157,0.48310298950292
0.475875192603285,0.7099975300772,0.2,0.444595932626045
0.487131350827153,0.699270252012045,0.2,0.501322684866193
0.531239567994519,0.718308276796962,0.215227706046047,0.496205906648915
0.525220491129938,0.697913068651303,0.2,0.464167972156519
0.532208889029198,0.696439852516647,0.214039593602949,0.511079394246657
0.554196405086101,0.695851274143544,0.237685900015571,0.464414229070506
0.540139185589064,0.693237339481824,0.21335171605968,0.411851179908019
0.507915261557323,0.750361594097102,0.232760433737008,0.40087492146387
0.51838349243012,0.750532079245591,0.293984354052086,0.41428969865146
0.51667704536927,0.771955880524646,0.333361421479827,0.476232090972802
0.467362260311253,0.8,0.350406523770379,0.478359815426027
0.471544775462936,0.8,0.35129073220903,0.441048432072197
0.488489214464997,0.761385507211944,0.352912343763066,0.467564943363708
0.474899010590974,0.775767443378759,0.32734455657983,0.462880277082177
0.447629874807132,0.767072740717153,0.350371281664125,0.454853576024516
0.435872248945881,0.734852527854709,0.37506944424372,0.458882420035836
0.47112658493291,0.700583243545773,0.394808835974854,0.46698049967585
0.518145448697728,0.696752416082055,0.416827377843929,0.484136906565823
0.463882825409657,0.741439133161782,0.405680564652072,0.493351953535733
0.414503548041734,0.69783379426928,0.394638588476486,0.479926670675392
0.408676070740546,0.713598162126966,0.414482969382659,0.48848227264674
0.376969840880916,0.690773134364981,0.39867677762295,0.534912289313736
0.416849067618809,0.689619643497071,0.389613395088141,0.528013268305912
0.399562079924354,0.680576156108465,0.373444244356763,0.549312368736062
0.39945668215278,0.663443742179017,0.419301407498757,0.532612741805541
0.38185553328445,0.699656619183245,0.404421248085993,0.504816395037588
0.356606476096049,0.688244014171533,0.448951322254136,0.558449646713478
0.321022332027897,0.66583218042197,0.533973074914577,0.547008732774842
0.327750378730994,0.67754363789026,0.566793378399348,0.541449767665044
0.334735718068475,0.689851086280172,0.578976198233565,0.582431608229563
0.309622970428932,0.644085470815389,0.534818171331282,0.547646450028571
0.249494413898187,0.63424474670314,0.515748045212112,0.546161768148531
0.275211129858844,0.617523601279805,0.514841548656189,0.546780868501102
0.281265032676656,0.602170276737023,0.543368441628723,0.56238736156436
0.288013341227986,0.560476123638052,0.532601665126678,0.555131289348291
0.254746091066147,0.578044140402082,0.52632253587484,0.573754926273334
0.257783093043704,0.598502284550451,0.487803507846834,0.592193279248008
0.265554292334709,0.603094718646672,0.452899996699443,0.567304768476646
0.308260644884778,0.593483120929115,0.504394319153139,0.571468938488839
0.272909940658543,0.570149411275255,0.503902712674402,0.593944344639123
0.286454629133214,0.55116130793648,0.502664187090467,0.637691399786253
0.340012957296751,0.581781255134743,0.481484965269058,0.646207780598363
0.293971709159421,0.516004080174701,0.502718866512157,0.675664423439178
0.277231092901564,0.545394120005273,0.481668276198166,0.688430975978108
0.24018956538977,0.548443121255291,0.50636677381717,0.633873440668582
0.246967281579155,0.585349784505478,0.53721903370299,0.677987233810685
0.276027777406164,0.600721520621778,0.533881398019667,0.663560753915416
0.314900331072334,0.593120840082577,0.551242600516802,0.639820130261724
0.2937609189117,0.575898048962246,0.563112215117898,0.667173919676032
0.301485515440633,0.583639346043202,0.552616271583853,0.641625121745635
0.343095167559213,0.566168680493675,0.511184433798081,0.61582144956256
0.33179691346799,0.602346807017659,0.526225726677219,0.641009222507321
0.327476733708467,0.584898669719818,0.535250664024398,0.669421226659433
0.327390443947391,0.595008138404725,0.535639631152213,0.686491875760312
0.27194621700575,0.606466022286713,0.538461907582195,0.696807082203356
0.299964582336289,0.595855843587583,0.53129860741467,0.687233956388746
0.289904430207632,0.631468060288771,0.553249347483939,0.708650377932301
0.29576823442738,0.624302799542315,0.514608547336408,0.720092297755343
0.314822520556277,0.572614108391203,0.526438360594917,0.699256706781349
0.327041649411623,0.569148615225061,0.514623829773549,0.697921734684475
0.336653016358515,0.605334737405491,0.486232652747262,0.701680035159091
0.33620951870008,0.617106260787445,0.439586424490945,0.708975829045656
0.351913589022805,0.643600711475778,0.435792794459969,0.703273224250727
0.352858815455561,0.656085509564022,0.454125127268237,0.721092128558627
0.371400679527589,0.663469003324008,0.453815610223113,0.700953110807413
0.354234241458256,0.648465194103649,0.425283770153736,0.703047522667909
0.374689196970441,0.614707314388017,0.389735426683419,0.717583492945156
0.383005665198237,0.636721573967045,0.412922606388974,0.751210026184025
0.461402769498796,0.644165608251669,0.439149961635258,0.769924898909778
0.492628463511119,0.634677930299934,0.47366889980176,0.746212045798955
0.528741347813975,0.607950345612597,0.449038570896863,0.713829788803535
0.466141308766183,0.602577278413904,0.439527864140565,0.746131291326179
0.412282496055726,0.60898972234691,0.399192719506777,0.741443580927575
0.40941383647071,0.578753814488984,0.408139023800714,0.775736291319547
0.387882428479537,0.605927927713532,0.392442566794373,0.751687255596391
0.363094506309111,0.628354828668433,0.387803340508888,0.750508293997549
0.385988950583578,0.633134110231738,0.387717589792302,0.729085723065664
0.387005110533429,0.614262638626906,0.368310009724793,0.746223915422618
0.401873441489159,0.607759133948879,0.333211506488373,0.745241421362625
0.403584981226006,0.624698346607791,0.361216442124894,0.764325381338184
0.407479210589595,0.611344818732161,0.340630131804227,0.733182462153
0.411556086797481,0.630759144711935,0.381149852062362,0.721254448976251
0.388739168223508,0.626120730485303,0.366298542338907,0.695215133730084
0.393744747578362,0.638535528486621,0.375227565189011,0.657150174577568
0.363549372958868,0.668842947267327,0.344993572548874,0.604025628618198
0.380956082880865,0.69827620457728,0.331256177103206,0.573663787331897
0.390172283517501,0.672516905569676,0.332994282385443,0.587477799429972
0.406247265766115,0.692269349662499,0.359143393881006,0.617486938015837
0.421766273513194,0.683872590905768,0.361494006778536,0.617305985048769
0.448152804200884,0.672893852819855,0.366894807315796,0.595382584389484
0.435262696668738,0.716710533107583,0.389089825654532,0.602704790459456
0.443665763594345,0.7078888759329,0.366053105375958,0.55777682447354
0.459150669957418,0.774342234973883,0.367025441359553,0.592798026935692
0.446022352362297,0.778013358760742,0.357926135569152,0.598488526471672
0.430281815214112,0.78556537421644,0.374769226095729,0.603396894141142
0.412131267956215,0.8,0.35060085775389,0.616458484383083
0.405108142109971,0.8,0.356294496428063,0.605550710687256
0.41127368683137,0.794386390790436,0.380259453165552,0.631991855534737
0.407101580724313,0.8,0.333200892470202,0.629599917706981
0.410536086526992,0.776400643259233,0.359524082493561,0.625309370143621
0.384447595045348,0.781736150706882,0.37012277761286,0.570751675800005
0.394198249066662,0.779720724735846,0.384733061901382,0.557948777779757
0.461402419057389,0.8,0.389195926951296,0.486088825024759
0.499146160550482,0.8,0.419863529487578,0.452511672793451
0.469029352480218,0.8,0.40905246018937,0.440039746031629
0.439813535538897,0.8,0.400351611303625,0.422791417211826
0.467662887515172,0.752520784981935,0.388958738708981,0.426977254954685
0.478111050827579,0.71285432751177,0.419602187242896,0.428756950319556
0.458312640566764,0.694220717621137,0.44306963836174,0.42758816247674
0.4873320920832,0.717712895766432,0.436907794149615,0.440653263163264
0.474580221016796,0.731200225805083,0.403836958703111,0.408878752142795
0.503469761546819,0.73442927908762,0.421239251680058,0.431434883455863
0.467312780114847,0.727904129644343,0.400826587725539,0.400325787533908
0.465949808550676,0.705460677661195,0.417165853786048,0.434104653986164
0.453507572789443,0.712208860580247,0.456698794129451,0.502788284235095
0.375096856628662,0.703331416710694,0.458384682465809,0.490473804183047
0.395589815829603,0.734311721420527,0.434813362813004,0.449815239229583
0.395233851182024,0.731030956262639,0.427534986927909,0.447670900458302
0.391840725824839,0.722453010458737,0.424087824150455,0.442241686425236
0.41982821255054,0.72585641191258,0.428492657015319,0.423614369706343
0.425368640043106,0.717568439435722,0.422559098498408,0.426493250010654
0.465110725097583,0.678280626778758,0.45525270425851,0.444554108663441
0.52369918973109,0.688888991666943,0.46155087296261,0.398503369596761
0.512527888745395,0.672951483189285,0.496315553696528,0.322054505957173
0.522015926555652,0.69905491420009,0.470454470984494,0.339786026215056
0.522691539367493,0.664779090713006,0.468892969486231,0.341397192066619
0.535894199080488,0.647072683291484,0.457314603528325,0.323744619014246
0.512339769358761,0.622677958685247,0.47178020402042,0.324154319360589
0.533761418494495,0.620489747406743,0.504965860199555,0.336313738143929
0.539595010769765,0.642949747368562,0.499405153521672,0.318606488616233
0.555924471687744,0.618203088442869,0.480280329914238,0.319585198039139
0.536389792411822,0.60806474418918,0.479969154552499,0.306372076996717
0.566536875642086,0.589962530053308,0.499029770068103,0.295162478931716
0.618532223173951,0.575535264760709,0.493995446958782,0.310567249984561
0.641365958710107,0.579049206703826,0.528062412384898,0.347327586493555
0.668870919505668,0.587607284620774,0.510549676073402,0.3739839320385
0.666723220830705,0.563718715061139,0.531805948190992,0.355347844395163
0.629534358912414,0.619416250310691,0.555124299376837,0.37686262433435
0.641863127732273,0.614171918355987,0.517511250868416,0.354421248979067
0.610499128729768,0.622851267112666,0.512891964648146,0.348431014406464
0.607774960158898,0.629963931514791,0.547338951794546,0.354548538513947
0.596477183294359,0.65381072438499,0.550548510794332,0.381865523459317
0.609780967710825,0.631171724233286,0.504327716803493,0.400090799254821
0.612151378461077,0.626080685091769,0.507381638348755,0.389162021408068
0.56631087265037,0.610238845747236,0.487751695321139,0.447575763703825
0.593598632289416,0.628882884607078,0.510918759090267,0.440444732596759
0.560441856673185,0.643412157152155,0.499523843005826,0.407501788993036
0.570470041262776,0.607005759035233,0.478970771999392,0.4031006950287
0.538914761912836,0.64263026706696,0.449115483620736,0.436619723666762
0.489156017172178,0.635863759933559,0.455273382618245,0.397216079285386
0.494155133497351,0.637409670811932,0.472511439347994,0.400032613088471
0.477701217911132,0.649830593028901,0.465307984351171,0.384640028281614
0.499969262370144,0.658151754373439,0.466826357773593,0.448951870855671
0.492803816807118,0.640753445383109,0.494812361129281,0.452124878844914
0.472861422333766,0.592954745788702,0.475492059637423,0.464529555762915
0.493155060715286,0.579026741420015,0.485706613126501,0.453747517661123
0.502351870613177,0.60021805753724,0.455752118283621,0.438908978035715
0.484750710104987,0.618988856490886,0.492734804445213,0.467345140988672
0.504529667785605,0.630019961642262,0.49623056919981,0.461834004103564
0.468134997530985,0.58969277030525,0.477627314043997,0.47026665458839
0.415024458282825,0.583389638807708,0.48234116965021,0.465386980403386
0.387186481884296,0.558389249730879,0.466885241679158,0.398833914992001
0.405198316588723,0.569003047876772,0.534796621362757,0.423568006058995
0.420654175696771,0.606170361477054,0.488883021796931,0.413237580538544
0.42424960185749,0.626947870789254,0.475557227976159,0.401124783060201
0.371000849366575,0.583575793107185,0.458947059016208,0.39118923567121
0.380197174446176,0.601011913712974,0.421387983031992,0.404505977332049
0.364053318008757,0.585693504141736,0.411383261045341,0.445253054714165
0.362651497830144,0.608648092887186,0.393773953436552,0.458048469777282
0.368621341921927,0.6076399495499,0.359311838924418,0.460242453376383
0.361002287329823,0.649624569420215,0.344087165643589,0.474587904646785
0.351195188333106,0.6352387200233,0.385047365514203,0.470687966380076
0.368189757432729,0.628216133751079,0.374731122378727,0.496297181070835
0.34264780354798,0.674031661987513,0.429240299491283,0.558023254275189
0.395163709082769,0.665961567402151,0.396275067355946,0.578902915468174
0.399335951883114,0.679705191929139,0.374032380537884,0.551502256267934
0.372822457561341,0.68013627969309,0.375449135419974,0.542046873202353
0.380745170425532,0.684248562140295,0.367173114792911,0.519340189289931
0.340984575201597,0.703551374299672,0.379675991419563,0.488185264918995
0.369134511394992,0.75581765539327,0.405302838326588,0.441915926348545
0.372454224986822,0.781904976850275,0.405981374376178,0.431307398696332
0.34501991377166,0.786553655529809,0.402992854254313,0.452076862600685
0.36386988372779,0.793804974449198,0.378176041410977,0.446915429136226
0.377425537526129,0.760198337913053,0.331474457340337,0.436622406074491
0.399651061242202,0.756493404774842,0.349931667646988,0.428380841385119
0.41481922602839,0.783966722383646,0.343857919262731,0.449258171958362
0.438510105802183,0.760086326069496,0.342912427636688,0.394023332692247
0.492533384193257,0.76327994943151,0.350318377969068,0.44873880133553
0.512032383296936,0.775472052276493,0.31344741319893,0.446308750069069
0.500256487872036,0.769695205736073,0.362384778043799,0.424287372559454
0.520392514282772,0.747706642726039,0.375624555020341,0.426891846448437
0.479151705159954,0.774052880403967,0.401310269108216,0.443376447360135
0.482338091733687,0.733019980046282,0.426176158529537,0.460178233785201
0.456655346618048,0.754442537210563,0.455036344261538,0.433219043588151
0.413082383476607,0.743091827094808,0.478074157285079,0.463210001236018
0.451608126878681,0.775774645335553,0.496866697925408,0.501758443387449
0.465607330722909,0.764541223213637,0.512790198005828,0.512460045681304
0.494169043344359,0.751000763411515,0.566775708037068,0.510126804174291
0.515551668738276,0.775999409229627,0.556035834214673,0.533847997644499
0.506843337100822,0.794565826646927,0.559955640100921,0.54626509125979
0.492394072391608,0.8,0.545705029446358,0.562529020293758
0.481412086304755,0.790752376546892,0.56603163527908,0.533577066870118
0.527758863393704,0.776820734030863,0.572369462946705,0.523085978170226
0.526397348290036,0.794048069348957,0.586146521010246,0.545229044537528
0.534694815528317,0.8,0.617571531597821,0.540390449246316
0.522983671416697,0.799599333523827,0.615474688452712,0.540615437799492
0.511759424808838,0.784851329392059,0.608877981009223,0.492845940396325
0.528091379470635,0.703719804343009,0.619361893325957,0.458867018504887
0.550683800325435,0.729892377538403,0.652266293122837,0.464455401479185
0.579208766460872,0.73895799252697,0.632735455473785,0.475869400396773
0.563573987814842,0.731896557922208,0.612404651974314,0.505130983901179
0.564436193844506,0.707874856729658,0.601853443742323,0.500744456621136
0.580935816015543,0.707908807222384,0.614919237850287,0.492393952499563
0.611996544049993,0.733319537875416,0.608468594464519,0.491166271401227
0.573238942780926,0.724219761651305,0.623641356745179,0.563691546667769
0.574432881980862,0.752104892786932,0.613677963356809,0.618027754630188
0.611236178278951,0.751201916811665,0.615209651898763,0.598110357554332
0.5810813965877,0.770168120362312,0.620932142541976,0.601854068106626
0.576582675001896,0.77629996308025,0.642703300618532,0.610279923255416
0.591730430348802,0.8,0.620088018647346,0.651608075878999
0.587751625706003,0.751142797104688,0.618552373132311,0.646389639963822
0.5868656341672,0.738702654373747,0.58692787674194,0.650413461754394
0.603215562777484,0.732072240197216,0.586775961662996,0.705548810318315
0.629529970985503,0.72766168259994,0.595706511015302,0.689756337964211
0.606228285801588,0.731367245475885,0.603496943986565,0.648688341186821
0.632905432231726,0.742293178738458,0.601682543704022,0.662313692120139
0.675607784467943,0.772458470091884,0.59615795818513,0.665598753973089
0.652996743028393,0.779951875732705,0.622031888683134,0.68356866930197
0.668866672595046,0.777813036795188,0.664045810453913,0.663017861226199
0.676031028146875,0.753732566839959,0.717765654962975,0.657226833512311
0.659393380872986,0.8,0.713645600430857,0.667099321120763
0.683553940566637,0.795591649372288,0.724840782380266,0.690530136804798
0.673295529852486,0.763244236614829,0.720898525839429,0.709184392361459
0.640813027118252,0.744904352455125,0.722929712700388,0.694545263020016
0.62456131152974,0.723598487347467,0.754077663867361,0.70467011130212
0.661718447896372,0.71576987192383,0.77089474192929,0.675224530466311
0.700687391393033,0.724364753087812,0.772702953484824,0.664756334994049
0.695400476388178,0.752090213290879,0.786971245540868,0.67630157691298
0.716919367593317,0.8,0.776519286435033,0.67846295417382
0.72768898794742,0.8,0.760772403995863,0.706267452724301
0.712465688135315,0.778866371606101,0.792654687001058,0.708612406819119
0.69371191886234,0.787790474679171,0.768072285460237,0.730183559613287
0.713257374817521,0.784146654204471,0.725282240057939,0.70476419950446
0.717515102508042,0.774689743461304,0.708918150809092,0.682225690794789
0.737437375596424,0.738139647383953,0.712648155733641,0.691687316707281
0.680653600704032,0.748240419659168,0.698986425940512,0.702116985715689
0.629298488097581,0.753954961949864,0.6947708316702,0.700976873894044
0.651993731367731,0.700045745629439,0.686725869067735,0.668226765583759
0.634733227441771,0.683828075513871,0.688417960172891,0.663163431413753
0.647738150630177,0.696675971989442,0.674915023686591,0.688591554721457
0.62932174939506,0.686529124978225,0.662501392254677,0.692681759979068
0.609642349739452,0.703447531853294,0.674784929651613,0.695901162888064
0.634707832121363,0.671245738639554,0.646933303773751,0.686769837221585
0.640019367243152,0.645267641364455,0.672069766831014,0.680388767784369
0.600723853462028,0.693111370029989,0.687004857157615,0.6711275888203
0.620444791919102,0.664247732302027,0.696236104753805,0.66054471649936
0.62488038348632,0.604720200976678,0.694265448623473,0.650420541532835
0.608198388719976,0.617791587852478,0.683559143399419,0.640767362511458
0.579691537223883,0.575350065664949,0.663900162366796,0.68782509236183
0.598236913800857,0.565731543290162,0.624460843593624,0.711659133405934
0.593800872506014,0.562117520384665,0.640726230232009,0.69370084483767
0.639352012407231,0.552382074986577,0.623831741282999,0.696802154909665
0.60786762854671,0.535924135926829,0.623304519516553,0.695918177792932
0.594578839471844,0.531108345690438,0.67357771528563,0.691294066802388
0.582804655604258,0.540480713207886,0.633444025482042,0.718515048567523
0.587930419966966,0.551384116204043,0.641794079900222,0.699884608329313
0.548743945671737,0.568724992972325,0.641973781276218,0.658974846148193
0.546640268466268,0.527786097980136,0.630786089850163,0.627009623860954
0.516614306481556,0.564751730845653,0.627706313435399,0.712900291758116
0.595948225251343,0.565504839345458,0.613838685740655,0.709422996158859
0.625305682274558,0.559811515072197,0.609786651466229,0.733882920810568
0.625125888008427,0.571040962639957,0.629919100766475,0.72739447689858
0.59960779392644,0.583806813886277,0.625726937966894,0.688249716551404
0.577793121105491,0.594747514046093,0.649017142300219,0.67122594062246
0.594347293035829,0.616955238058058,0.677217478845801,0.615733829066878
0.586194580797631,0.606501900796233,0.683161146794277,0.673423420186943
0.576183564914741,0.614889728220459,0.647417375285845,0.659740403420325
0.633842289976391,0.639326417190199,0.627015564352844,0.662371865706351
0.621072296700547,0.632870120886458,0.592280308115487,0.64345224993251
0.61803315353692,0.653459541293273,0.581265912001384,0.637058022129108
0.639347979786458,0.668396084539618,0.525191768585999,0.59734991111065
0.588756482966668,0.674072959840865,0.564373452556055,0.598862286415556
0.637795416812373,0.70419346493737,0.537867751109082,0.588800631202014
0.654821416241179,0.741063622045293,0.547675800132182,0.613953884602746
0.642711430736656,0.730454702410602,0.546247158274668,0.583591784523652
0.600916144389999,0.769960875452525,0.613797938458583,0.545803741179823
0.618574408015481,0.788505496023453,0.625378365689635,0.518442831263897
0.669521460166834,0.770711983776645,0.609325375797858,0.495215045928949
0.668335524171819,0.7387877462118,0.574614010022173,0.519245754606475
0.645257264891668,0.730246379439585,0.555595911652359,0.515230844933592
0.583330940713424,0.725182030544619,0.544616638733019,0.485239704428695
0.579324349497375,0.760714890884043,0.509869218866754,0.515974917880056
0.602042997076483,0.8,0.549867890670499,0.535574318419047
0.608240052570685,0.790791251303032,0.540802915000927,0.556761500399496
0.600481481679686,0.777551777604148,0.528725724827281,0.565425886088985
0.568286700357072,0.719519676699297,0.517660138079949,0.550856307818361
0.558366738966048,0.718126204470127,0.549005071375734,0.485815883657788
0.555895472285599,0.768339691648054,0.579704481853641,0.470767893966594
0.551733330433613,0.8,0.575888649927453,0.439855807244462
0.57035262868996,0.8,0.547514449026651,0.42513920586739
0.545410568077426,0.8,0.533351032582281,0.409475131735414
0.539970609459881,0.8,0.559354045686743,0.420955028398595
0.547031851119574,0.8,0.542830471417994,0.435755235396774
0.516897418915433,0.8,0.531826134473967,0.424124451014799
0.517450274912394,0.778803253218111,0.523221430185407,0.43728547709699
0.534781193678735,0.775778468350512,0.518291014476652,0.429568563390223
0.536985249954238,0.8,0.492980163362856,0.376228137858804
0.54221791650654,0.784573015532477,0.49296932347748,0.384510220581366
0.511882234552596,0.8,0.475269407162676,0.348441949261939
0.492148322540069,0.793179522812583,0.519272446391328,0.328401997592917
0.53183685383834,0.793075498550369,0.507711076131263,0.35457636540143
0.499776630885209,0.783092180527862,0.525031541190504,0.325089908434939
0.470140102232926,0.749308257849912,0.512725908997446,0.338450227170128
0.484576772443436,0.773425119011578,0.474291806925839,0.30449658972261
0.478773668374564,0.773157379743333,0.47651726927253,0.304271585370247
0.438502030585926,0.739744053255611,0.504710720369968,0.29693520280373
0.420583772087412,0.753138909320596,0.503826887116846,0.315147961611841
0.387456325830996,0.735942883753753,0.45841258636717,0.326182225271573
0.387728877214224,0.713470123656669,0.431782920025795,0.333801658349734
0.364371492341655,0.731430261631209,0.42586358533631,0.305778612230087
0.349677793993323,0.744673460249279,0.437313886731262,0.365210763517085
0.353961410721668,0.713606531821073,0.445760286781339,0.40880934009977
0.305036243965666,0.68951888838711,0.421680861898314,0.385405669000032
0.300944392039803,0.712572536580098,0.41532042253102,0.37417229096641
0.276828467319579,0.674608286631983,0.429952041684383,0.399845769119571
0.268829145984769,0.670183307137422,0.403848619688911,0.413862490382576
0.278168523813243,0.64673623040076,0.372300765911295,0.449147546031375
0.281962080087037,0.632827875255587,0.39925700605973,0.444846888734437
0.272978948442706,0.609548339838591,0.38527291479764,0.414402910843176
0.30665088493272,0.581587549445477,0.382546582182511,0.424963670184475
0.252371260757251,0.595424728552326,0.411683035420249,0.421657252804991
0.256288836801764,0.599550224761555,0.38963921442893,0.391343559475921
0.304106231543839,0.588281251363856,0.395821831407701,0.351871778410646
0.332194259020662,0.618706188456338,0.407792800317858,0.335565230548215
0.291887593229918,0.596118401408016,0.37081471125851,0.309639296065179
0.339031129663683,0.567760754507517,0.36144580501832,0.332397843589494
0.325894529918008,0.5359798642057,0.31735881336558,0.262948289298485
0.339062654151215,0.560859381103064,0.361028384946039,0.281752777872325
0.325553734044699,0.520766013092706,0.315207758152093,0.27356742916492
0.321142160670397,0.510271164663078,0.350409864438716,0.272154313068393
0.35993337746406,0.511243680859394,0.339691200492463,0.270721810260435
0.361778219672134,0.518744640303391,0.325555406499451,0.288282967469413
0.388408422772894,0.485422097997879,0.297668532223751,0.282992824344915
0.434248540609242,0.470242260831001,0.304147450584983,0.272427099957184
0.456767667493893,0.474929317112079,0.30552828220548,0.272373504424921
0.473463041623964,0.465954808935008,0.330601515351451,0.309067456837663
0.428330902373324,0.46137321417404,0.370825087782215,0.298876974168118
0.439686313057679,0.426920233382455,0.392308272812291,0.301877507200604
0.435519583096101,0.387581075133994,0.395210495496478,0.283595455795065
0.44150614061851,0.440818166086234,0.394521630195165,0.351709465973453
0.481313715083832,0.460012626474644,0.403622581296406,0.347010607977595
0.461258631991842,0.429445457589708,0.35105527856064,0.368353142963903
0.461238458979591,0.442471300556882,0.323481222280666,0.324210851395875
0.448296198027233,0.47809066947112,0.306137467861969,0.293895219833728
0.447534233995684,0.506491116181326,0.312407039384294,0.281715423418318
0.457764640815384,0.524987574629147,0.357071575451779,0.264279251658882
0.482837670884888,0.490516082598631,0.371246330614265,0.261146263240758
0.531495868299579,0.435799145831198,0.382176311464441,0.277140664360923
0.576370177640917,0.427792423066747,0.354740480724682,0.243738260137898
0.575566772309028,0.412004839825766,0.380384188471784,0.237511809977155
0.581328211288617,0.388375473628022,0.370114422704781,0.262274669946903
0.539437436207102,0.374527039069676,0.330500095267321,0.26471777383132
0.537992151827323,0.34507417911703,0.359545213353065,0.301147476365284
0.553508292289888,0.353733184413643,0.354057383845427,0.272907320235764
0.557191371159436,0.352055007314479,0.358888719418585,0.274457392326583
0.585405286519897,0.325948006315026,0.377139379178166,0.276369666494903
0.588334615079004,0.300086392358223,0.363759786155844,0.298514123392068
0.563601590135897,0.307594977358054,0.368332068952604,0.321637093612154
0.553949967267829,0.249849044606567,0.385585054243805,0.310650826719933
0.565013220460848,0.262161398032912,0.395706245988295,0.353817309642015
0.536612661532036,0.244076468819246,0.410326911454533,0.330157468005331
0.532153151498067,0.292607977737952,0.397569905943601,0.301059929202309
0.510703434351805,0.286443998038332,0.360492783190568,0.258386969628308
0.547568294810766,0.256792865934162,0.325098440253352,0.225156619966901
0.52179593652171,0.221352039114756,0.347780858566258,0.275186815508982
0.496003498821163,0.22379509216607,0.326987759138212,0.270430622602068
0.510913022920575,0.2,0.321607421422395,0.303151256281043
0.546665872296108,0.2,0.292139332482428,0.303236010532974
0.539312137375854,0.2,0.327975283655853,0.286105711441347
0.528020732758977,0.2,0.350629686930815,0.28358141530238
0.4758743909037,0.21484135787454,0.307722463968039,0.27974438344287
0.448165889222116,0.223467679547298,0.27943706713905,0.26379028137315
0.409169090613685,0.2,0.239577085646397,0.25296195319885
0.440591628229848,0.2,0.201138093068202,0.263523855380328
0.407406712860805,0.226482827070594,0.2,0.26713854244227
0.407847745787578,0.24916175510243,0.2,0.245023855008642
0.43167147257023,0.268754338394961,0.222068472421396,0.219933209525898
0.454346298847802,0.24911599016668,0.206343291008762,0.232711289399356
0.444647491810053,0.220495477398608,0.2,0.272022263858344
0.435563234794196,0.230961419993892,0.263050374748665,0.312896382280564
0.434811385330322,0.23108163317463,0.2649926651193,0.336344136778359
0.402980702318059,0.289508333116048,0.307484530081366,0.318145268028458
0.381870776254082,0.262363197466051,0.343021612778912,0.340858422791529
0.441630244765863,0.278145538249724,0.349867305790274,0.355977463271395
0.441729572545202,0.290292326489877,0.306765340312144,0.340451540574448
0.457487980901216,0.329758542575816,0.304361514325838,0.372302100855618
0.456961648398656,0.295449055402051,0.267723476050458,0.34772448802382
0.418468173293105,0.271465004705015,0.276331679092911,0.329648888140257
0.435785254514244,0.247106830658364,0.294763176040195,0.34078601547411
0.39819335804164,0.237250726067557,0.295908501394935,0.326425586818731
0.424073430665262,0.279518972268699,0.322119961755963,0.341802406957462
0.393991646839253,0.276361352210689,0.312615084689315,0.327536747970012
0.398050214831007,0.223246910646351,0.314462165213709,0.302245706690088
0.382455420828977,0.224408405866772,0.33173370374268,0.274176003425654
0.46278327597975,0.234186363507862,0.296204848373264,0.289602548510967
0.427444451616113,0.220053151414148,0.250230818929029,0.298633426960491
0.409037446505645,0.241478382188682,0.245836573228503,0.275677572856433
0.42682166397287,0.2,0.234361017154768,0.291716453287466
0.408698668344381,0.2,0.263279109187724,0.261928991601595
0.34552613835612,0.214959393692142,0.286968041840739,0.239036662473428
0.327006583424856,0.204330969296473,0.308078000504805,0.212077379899267
0.320964657154502,0.213423456846618,0.316635677834504,0.244276948826293
0.341473912998846,0.2,0.329958061290141,0.265092082908657
0.305348110881519,0.207018844681496,0.345140938286626,0.299368066047619
0.270571636500618,0.207118095966723,0.379187814863973,0.298266339993273
0.267884317096177,0.217821664038693,0.336174674170496,0.307726507910001
0.292072058547882,0.2,0.314361007607373,0.26175990635318
0.273346889672021,0.2,0.347805960002885,0.266587100030407
0.319619159868173,0.2,0.35491813632124,0.288666271678068
0.348362475623328,0.2,0.395294040530039,0.283523734161058
0.34405949176686,0.213192265102394,0.383008656893923,0.292373822003102
0.384461872114594,0.2,0.388480554922385,0.260544902745099
0.396459851552841,0.232593308043081,0.396620657467897,0.29979784558596
0.385616066029133,0.214546764219677,0.375936176387025,0.301142803463396
0.369774861546781,0.210292531283419,0.370544787831674,0.302685712071306
0.346953269698798,0.201153732412669,0.405923779847992,0.330847650990043
0.340153971566061,0.2,0.398082762123395,0.327734165160848
0.25475055407014,0.2,0.409098871269569,0.300087129857088
0.283122888235184,0.2,0.402177416029119,0.272920668367899
0.302971236401999,0.2,0.38263589464817,0.29915416853379
0.307545968878314,0.228238134397922,0.346462911399394,0.303791952886676
0.316979775137364,0.211218324208217,0.33658368836112,0.276756163835993
0.310695092540219,0.233459775943437,0.337590195802838,0.267821716704794
0.316901890532228,0.283861734937437,0.337758744898722,0.225281931959921
0.30610747128031,0.316079396659604,0.304153933820649,0.21286379352755
0.310612536394128,0.317611345477016,0.253840207618913,0.210110098497553
0.28629848300536,0.327695254951005,0.263523617523687,0.215341703973806
0.267928329236042,0.312500753133193,0.228979723078322,0.242854748208923
0.284120644212106,0.264203718630521,0.248304371866733,0.233028798063767
0.314785561376069,0.251757955548712,0.2,0.242589685442739
0.292671460008243,0.237809290315641,0.2,0.252406787481714
0.275987390294881,0.26577092233184,0.2,0.205353850882688
0.265146889538107,0.312981208430658,0.206063841746797,0.212012026084815
0.305305802301371,0.402528607066909,0.206462580715946,0.2
0.322394740081555,0.440757567996596,0.2,0.22619476128788
0.301349207084249,0.420923133986407,0.201517548121036,0.215505008107364
0.352869212732045,0.384960621464693,0.2,0.210756698296816
0.340252944410825,0.459253374616194,0.2405716672051,0.2
0.350702898029319,0.424234843707597,0.219949751376398,0.2
0.333840851458297,0.407156362720756,0.235382505073446,0.2
0.307424572191114,0.423104013714672,0.242368742174412,0.200950607689683
0.267043727105694,0.413930029655751,0.260407792573679,0.200939738366703
0.257109100974081,0.366156443692379,0.234126696401001,0.2
0.254675859444954,0.374603607031066,0.256479202748573,0.2
0.212486481095122,0.379191867839442,0.291402415461567,0.22830853390542
0.2,0.419233882192206,0.281427494543818,0.22321147157489
